{
  "auditReportVersion": 2,
  "vulnerabilities": {
    "@svgr/plugin-svgo": {
      "name": "@svgr/plugin-svgo",
      "severity": "high",
      "isDirect": false,
      "via": [
        "svgo"
      ],
      "effects": [
        "@svgr/webpack"
      ],
      "range": "<=5.5.0",
      "nodes": [
        "node_modules/@svgr/plugin-svgo"
      ],
      "fixAvailable": false
    },
    "@svgr/webpack": {
      "name": "@svgr/webpack",
      "severity": "high",
      "isDirect": false,
      "via": [
        "@svgr/plugin-svgo"
      ],
      "effects": [
        "react-scripts"
      ],
      "range": "4.0.0 - 5.5.0",
      "nodes": [
        "node_modules/@svgr/webpack"
      ],
      "fixAvailable": false
    },
    "css-select": {
      "name": "css-select",
      "severity": "high",
      "isDirect": false,
      "via": [
        "nth-check"
      ],
      "effects": [
        "svgo"
      ],
      "range": "<=3.1.0",
      "nodes": [
        "node_modules/svgo/node_modules/css-select"
      ],
      "fixAvailable": false
    },
    "joyride": {
      "name": "joyride",
      "severity": "moderate",
      "isDirect": true,
      "via": [
        "react-scripts"
      ],
      "effects": [],
      "range": "*",
      "nodes": [
        "node_modules/joyride"
      ],
      "fixAvailable": false
    },
    "nth-check": {
      "name": "nth-check",
      "severity": "high",
      "isDirect": false,
      "via": [
        {
          "source": 1095141,
          "name": "nth-check",
          "dependency": "nth-check",
          "title": "Inefficient Regular Expression Complexity in nth-check",
          "url": "https://github.com/advisories/GHSA-rp65-9cf3-cjxr",
          "severity": "high",
          "cwe": [
            "CWE-1333"
          ],
          "cvss": {
            "score": 7.5,
            "vectorString": "CVSS:3.1/AV:N/AC:L/PR:N/UI:N/S:U/C:N/I:N/A:H"
          },
          "range": "<2.0.1"
        }
      ],
      "effects": [
        "css-select"
      ],
      "range": "<2.0.1",
      "nodes": [
        "node_modules/svgo/node_modules/nth-check"
      ],
      "fixAvailable": false
    },
    "postcss": {
      "name": "postcss",
      "severity": "moderate",
      "isDirect": false,
      "via": [
        {
          "source": 1109574,
          "name": "postcss",
          "dependency": "postcss",
          "title": "PostCSS line return parsing error",
          "url": "https://github.com/advisories/GHSA-7fh5-64p2-3v2j",
          "severity": "moderate",
          "cwe": [
            "CWE-74",
            "CWE-144"
          ],
          "cvss": {
            "score": 5.3,
            "vectorString": "CVSS:3.1/AV:N/AC:L/PR:N/UI:N/S:U/C:N/I:L/A:N"
          },
          "range": "<8.4.31"
        }
      ],
      "effects": [
        "resolve-url-loader"
      ],
      "range": "<8.4.31",
      "nodes": [
        "node_modules/resolve-url-loader/node_modules/postcss"
      ],
      "fixAvailable": false
    },
    "react-scripts": {
      "name": "react-scripts",
      "severity": "high",
      "isDirect": false,
      "via": [
        "@svgr/webpack",
        "resolve-url-loader",
        "webpack-dev-server"
      ],
      "effects": [
        "joyride"
      ],
      "range": ">=0.1.0",
      "nodes": [
        "node_modules/react-scripts"
      ],
      "fixAvailable": false
    },
    "resolve-url-loader": {
      "name": "resolve-url-loader",
      "severity": "moderate",
      "isDirect": false,
      "via": [
        "postcss"
      ],
      "effects": [
        "react-scripts"
      ],
      "range": "0.0.1-experiment-postcss || 3.0.0-alpha.1 - 4.0.0",
      "nodes": [
        "node_modules/resolve-url-loader"
      ],
      "fixAvailable": false
    },
    "svgo": {
      "name": "svgo",
      "severity": "high",
      "isDirect": false,
      "via": [
        "css-select"
      ],
      "effects": [
        "@svgr/plugin-svgo"
      ],
      "range": "1.0.0 - 1.3.2",
      "nodes": [
        "node_modules/svgo"
      ],
      "fixAvailable": false
    },
    "webpack-dev-server": {
      "name": "webpack-dev-server",
      "severity": "moderate",
      "isDirect": false,
      "via": [
        {
          "source": 1108429,
          "name": "webpack-dev-server",
          "dependency": "webpack-dev-server",
          "title": "webpack-dev-server users' source code may be stolen when they access a malicious web site with non-Chromium based browser",
          "url": "https://github.com/advisories/GHSA-9jgg-88mc-972h",
          "severity": "moderate",
          "cwe": [
            "CWE-346"
          ],
          "cvss": {
            "score": 6.5,
            "vectorString": "CVSS:3.1/AV:N/AC:L/PR:N/UI:R/S:U/C:H/I:N/A:N"
          },
          "range": "<=5.2.0"
        },
        {
          "source": 1108430,
          "name": "webpack-dev-server",
          "dependency": "webpack-dev-server",
          "title": "webpack-dev-server users' source code may be stolen when they access a malicious web site",
          "url": "https://github.com/advisories/GHSA-4v9v-hfq4-rm2v",
          "severity": "moderate",
          "cwe": [
            "CWE-749"
          ],
          "cvss": {
            "score": 5.3,
            "vectorString": "CVSS:3.1/AV:N/AC:H/PR:N/UI:R/S:U/C:H/I:N/A:N"
          },
          "range": "<=5.2.0"
        }
      ],
      "effects": [
        "react-scripts"
      ],
      "range": "<=5.2.0",
      "nodes": [
        "node_modules/webpack-dev-server"
      ],
      "fixAvailable": false
    }
  },
  "metadata": {
    "vulnerabilities": {
      "info": 0,
      "low": 0,
      "moderate": 4,
      "high": 6,
      "critical": 0,
      "total": 10
    },
    "dependencies": {
      "prod": 2675,
      "dev": 305,
      "optional": 103,
      "peer": 0,
      "peerOptional": 0,
      "total": 3056
    }
  }
}
